﻿oid,descripcio,tel_oficin,tel_of_ext,nomgeo,direccion,pagina
1,CONACYT - Oficina Principal,5553227763,,Ciudad de México,"Insurgentes Sur, 1582, Col. Credito Constructor, CP 3940, Alcaldía Benito Juárez, Ciudad de México",https://www.conacyt.gob.mx/
2,BUAP - Centro de Datos Primario CONACYT,2223136913,,Puebla,"Blvd. Valsequillo con Esq. Blvd. Municipio Libre, C.U., s/n, Col. San Manuel, CP 72570, Puebla, Puebla",https://www.buap.mx
3,CENDI - Oficina CONACYT,5553227763,,Ciudad de México,"Patricio Sanz, 1317, Col. Tlacoquemecatl, CP 3100, Alcaldía Benito Juárez, Ciudad de México",https://www.estudia.com.mx/cendi-sp-conacyt-escuela-cendi-benito-juarez-distrito-federal-09NDI0021V.html
4,CIATEJ - Oficina CONACYT Guadalajara,5553227763,,Jalisco,"Av. Normalistas, 800, Col. Colinas de la Normal, CP 44270, Guadalajara, Jalisco",https://www.ciatej.mx/
5,INAOE - Oficina CONACYT Puebla,5553227763,,Puebla,"Luis Enrique Erro, 1, Col. Sta. María Tonanzintla, CP 72840, San Andrés Cholula, Puebla",https://www-optica.inaoep.mx/
6,INECOL - Oficina CONACYT Xalapa,5553227763,,Veracruz de Ignacio de la Llave,"Carretera antigua a Coatepec, 351, Col. El Haya, CP 91070, Xalapa, Veracruz de Ignacio de la Llave",https://www.inecol.mx/inecol/index.php/es/
7,CONACYT - Oficina Mérida,5553227763,,Yucatán,"Calle 43, No. 130 x 32 y 34, Col. Chuburná de Hidalgo, CP 97205, Mérida, Yucatán",https://www.conacyt.gob.mx/
8,CIATEQ - Oficina CONACYT Querétaro,5553227763,,Querétaro,"Av. San Agustin del Retablo, 150, Col. Constituyentes FOVISSSTE, CP 76150, Querétaro, Querétaro",http://ciateq.edu.mx/
9,CONACYT - Oficina Monterrey,5553227763,,Nuevo León,"Av. Fundidora, 501, Col. Obrera, CP 64000, Monterrey, Nuevo León",https://www.conacyt.gob.mx/
10,CIAD - Oficina CONACYT Hermosillo,5553227763,,Sonora,"Carretera Gustavo Enrique Astiazaran Rosas, 46, Col. La Victoria, CP 83304, Hermosillo, Sonora",https://www.ciad.mx/
11,CONACYT - Oficina Culiacán,5553227763,,Sinaloa,"Vicente Riva Palacio, 357, 5 y 6, Col. Centro, CP 80000, Culiacán, Sinaloa",https://www.conacyt.gob.mx/
12,CIMAV - Oficina CONACYT Chihuahua,5553227763,,Chihuahua,"Av. Miguel de Cervantes, 120, Col. Complejo Industrial Chihuahua,, CP 31136, Chihuahua, Chihuahua",https://cimav.edu.mx/
13,CIDESI - Sede Querétaro,4422119800,,Querétaro,"Playa Pie de la Cuesta, 702, Col. Desarrollo San Pablo, CP 76125, Quéretaro, Querétaro",https://www.cidesi.com/site/
14,CIDESI - Sede Querétaro CENTA,4426727501,5266.0,Querétaro,"Carretera Estatal 200, Queretaro-Tequisquiapan Km 23, 22547, Col. Localidad Galeras, CP 76270, Colón, Querétaro",https://www.cidesi.com/site/
15,CIDESI- Sede Nuevo León,8114935550,5264.0,Nuevo León,"Alianza Sur, 203, Col. Autopista al Aeropuerto km 10, CP 66628, Apodaca, Nuevo León",https://www.cidesi.com/site/
16,CIDESI - Sede Estado de México ,5551222500,5275.0,México,"Avenida Industriales, s/n, Col. Industrial Cuamatla, CP 43808, Cuautitlán Izcalli, México",https://www.cidesi.com/site/
17,CIDESI - Sede Baja California,6646602400,5263.0,Baja California,"Carretera libre a Tijuana-Tecate Km 26.5, s/n, Col. Delegación La Presa, CP 22444, Tijuana, Baja California",https://www.cidesi.com/site/
18,CIDESI - Sede Campeche,8005522040,,Campeche,"Carretera Carmen-Puerto Real Km 7.5, s/n, Col. Fraccionamiento Mundo Maya, CP 24150, Ciudad del Carmen, Campeche",https://www.cidesi.com/site/
19,CICY - Sede Mérida,9999428330,189.0,Yucatán,"calle 43, 130, Col. Chuburná de Hidalgo, CP 97205, Mérida, Yucatán",https://www.cicy.mx/
20,CICY - Sede Sierra Papacal,9999428330,189.0,Yucatán,"Carretera Sierra Papacal, Km 5, Col. Sierra Papacal, CP 97302, Mérida, Yucatán",https://www.cicy.mx/
21,CICY - Sede Cancún,9999428330,189.0,Quintana Roo,"calle 8, 39, Col. Supermanzana 64, CP 77524, Benito Juárez, Quintana Roo",https://www.cicy.mx/
22,CICY - Sede Acapulco,9999428330,189.0,Guerrero,"Av. Bora Bora, Lote de terrero identificado 10-B, Col. Acapulco Zona Diamante, CP 39906, Acapulco de Juárez, Guerrero",https://www.cicy.mx/
23,CICESE - Sede Ensenada,6461750500,23200.0,Baja California,"Carretera Ensenada - Tijuana, 3918, Col. Zona Playitas, CP 22860, Ensenada, Baja California",https://www.cicese.edu.mx/
24,CICESE - Sede La Paz,6461750500,23200.0,Baja California Sur,"Miraflores, 334, Col. Bella Vista, CP 23050, La Paz, Baja California Sur",https://ulp.cicese.mx/
25,CICESE - Sede Tepic,6461750500,23200.0,Nayarit,"Andador 10, s/n, Col. Villas de la Cantera, CP 63173, Tepic, Nayarit",https://idi.cicese.mx/
26,CICESE - Sede Monterrey,6461750500,23200.0,Nuevo León,"Alianza Centro, 504, Col. Parque de Investigación e Innovación Tecnológica, CP 66629, Apodaca, Nuevo León",https://ufm.cicese.mx/
27,CIAD - Sede Hermosillo,6622892400,278.0,Sonora,"Carretera Gustavo Enrique Astiazarán Rosas, 46, Col. La Victoria, CP 83304, Hermosillo, Sonora",https://www.ciad.mx/coordinaciones
28,CIAD - Sede Guaymas,6222252826,,Sonora,"Carretera al Varadero Nacional Km 6.6, s/n, Col. Las Playitas, CP 85480, Guaymas, Sonora",https://www.ciad.mx/coordinaciones/guaymas/aseguramiento-de-calidad-y-aprovechamiento-sustentable-de-recursos-naturales
29,CIAD - Sede Delicias,6394748400,104.0,Chihuahua,"Av. 4 sur, 3820, Col. Fracc. Vencedores del desierto, CP 33089, Delicias, Chihuahua",https://www.ciad.mx/coordinaciones/delicias/tecnologia-de-alimentos-y-productos-lacteos
30,CIAD - Sede Cuauhtémoc,6255812920,,Chihuahua,"Av Río Conchos, s/n, Col. Parque Industrial, CP 31570, Cuahutemoc, Chihuahua",https://www.ciad.mx/coordinaciones/cuauhtemoc/fisiologia-y-tecnologia-de-alimentos-de-la-zona-templada
31,CIAD - Sede Mazatlán,6699898700,,Sinaloa,"Av. Sábalo-Cerritos, s/n, Col. Estero del Yugo, CP 82000, Mazatlán, Sinaloa",https://www.ciad.mx/coordinaciones/mazatlan/acuicultura-y-manejo-ambiental
32,CIAD - Sede Culiacán,6674806950,,Sinaloa,"Carretera a El Dorado Km 5.5, s/n, Col. Campo El Diez, CP 80129, Culiacán, Sinaloa",https://ciad.edu.mx/
33,CIAD - Sede Tepic,3111331629,,Nayarit,"Av. de la Salud s/n  Parque Tecnológico “Unidos por el Conocimiento”, s/n, Col. Fracc. Ciudad Industrial, CP 63173, Tepic, Nayarit",https://www.ciad.mx/coordinaciones/tepic/unidad-de-gestion-tecnologica-ugt
34,CIMAT - Sede Guanajuato,4737327155,,Guanajuato,"Jalisco, s/n, Col. Valenciana, CP 36023, Guanajuato, Guanajuato",https://www.cimat.mx/es
35,CIMAT - Sede Monterrey,81 2187 2056. Ext. 1713,,Nuevo León,"Av. Alianza Centro, L-7, Col. PIIT, CP 66629, Apodaca, Nuevo León",https://www.cimat.mx/es/Monterrey
36,CIMAT - Sede Aguascalientes,(449) 9185048,,Aguascalientes,"Calz. Plenitud, 103, Col. Fracc. José Vasconcelos, CP 20200, Aguascalientes, Aguascalientes",https://www.cimat.mx/es/Aguascalientes
37,CIMAT - Sede Zacatecas,(492) 998 0300 (492) 156 4331,,Zacatecas,"Manzana 3, Lote 7, Col. Quantum, CP 98160, Zacatecas, Zacatecas",https://www.cimat.mx/es/Zacatecas
38,CIMAT - Sede Mérida,(999)-688-5327,,Yucatán,"Km 5.5 Carretera Sierra Papacal – Chuburná Puerto, s/n, Col. PCyTY, CP 97302, Mérida, Yucatán",https://www.cimat.mx/es/unidad-merida
39,CIMAV - Chihuahua,6144391100,,Chihuahua,"Miguel de Cervantes, 120, Col. Complejo Industrial Chihuahua, CP 31136, Chihuahua, Chihuahua",https://cimav.edu.mx/
40,CIMAV - Sede Monterrey,8111560800,,Nuevo León,"Alianza Norte, 202, Col. Parque de Investigación e Innovación Tecnológica, CP 66628, Apodaca, Nuevo León",https://cimav.edu.mx/investigacion/unidad-monterrey/
41,CIMAV - Sede Durango,6144394898,,Durango,"CIMAV, 110, Col. Ejido Arroyo Seco, CP 34147, Durango, Durango",https://cimav.edu.mx/investigacion/unidad-durango/
42,CIQA - Saltillo,8444389830,1471.0,Coahuila de Zaragoza,"Blvd. Enrique Reyna, 140, Col. San José de los Cerritos, CP 25294, Saltillo, Coahuila de Zaragoza",http://www.ciqa.mx/
43,CIQA - Apodaca,8444389830,1471.0,Nuevo León,"Av. Alianza Sur, 204, Col. Parque De Investigación E Innovación Tecnológica, CP 66600, Apodaca, Nuevo León",http://www.ciqa.mx/
44,CIATEJ - Sede Guadalajara,3333455200,,Jalisco,"Av. De los Normalistas, 800, n/a, Col. Colinas de la normal, CP 44270, Guadalajara, Jalisco",https://www.ciatej.mx/el-ciatej/sede/guadalajara
45,CIATEJ - Sede Zapopan,3333455200,,Jalisco,"C. Camino Arenero, 1227, n/a, Col. El Bajío, CP 45019, Zapopan, Jalisco",https://www.ciatej.mx/el-ciatej/sede/zapopan
46,CIATEJ - Sede Monterrey,8182155200,,Nuevo León,"C.Vía de la Innovación, Autopista Mty-Aeropuerto, Km 10, 404, Col. Parque PIIT, CP 66628, Apodaca, Nuevo León",https://www.ciatej.mx/el-ciatej/sede/noreste
47,CIATEJ - Sede Mérida,9999202671,,Yucatán,"Tablaje Catastral, Sierra Papacal - Chuburna Pto, Km 5.5, 31264, Col. Parque científico Tecnológico de Yucatán, CP 97302, Mérida, Yucatán",https://www.ciatej.mx/el-ciatej/sede/sureste
48,CIDETEQ - Sede Sanfandila,4422116000,6040.0,Querétaro,"Parque Tecnológico Querétaro, s/n, s/n, Col. Sanfandila, CP 76703, Pedro Escobedo, Querétaro",https://www.cideteq.mx/
49,CIDETEQ - Subsede Corregidora,4422116000,,Querétaro,"Camino a los Olvera, 44, s/n, Col. Los Olvera, CP 76904, Corregidora, Querétaro",https://www.cideteq.mx/
50,CIDE - Sede Santa Fe,5557279800,,Ciudad de México,"Carretera Mex - Toluca, 5287, Col. La Rosita, CP 5340, Alcaldía Cuajimalpa de Morelos, Ciudad de México",https://www.cide.edu
51,"CIDE - Sede Región Centro, Aguascalientes",4499945150,,Aguascalientes,"Circuito Tecnopolo Norte, 117, Col. Tecnopolo Pocitos II, CP 20213, Aguascalientes, Aguascalientes",https://www.cide.edu
52,CIBNOR - La Paz,6121238484,,Baja California Sur,"Km 1 Carretera a San Juan de La Costa, s/n, Col. El Comitán, CP 23205, La Paz, Baja California Sur",https://www.cibnor.gob.mx/
53,CIBNOR - Enlace,6121226881,,Baja California Sur,"Instituto Politécnico Nacional, 195, Col. Playa Palo de Santa Rita Sur, CP 23096, La Paz, Baja California Sur",https://www.cibnor.gob.mx/
54,CIBNOR - Guerrero Negro,6151570997,,Baja California Sur,"Independencia, s/n, Col. Guerrero Negro, CP 23940, Mulegé, Baja California Sur",https://www.cibnor.gob.mx/unidades-foraneas/guerrero-negro
55,CIBNOR - Guaymas,6222212237,,Sonora,"Km 2.35 Camino al Tular, s/n, Col. Estero de Bacochibampo, CP 349, Guaymas, Sonora",https://www.cibnor.gob.mx/unidades-foraneas/guaymas
56,CIBNOR - Hermosillo,6622131593,,Sonora,"Hermosa, 101, Col. Los Ángeles, CP 83106, Hermosillo, Sonora",https://www.cibnor.gob.mx/unidades-foraneas/hermosillo
57,CIBNOR - Tepic,3111601882,7654.0,Nayarit,"Calle Dos, Av. Emilio M. González, 23, Col. Cd. Industrial, CP 63173, Tepic, Nayarit",https://www.cibnor.gob.mx/unidades-foraneas/nayarit
58,CIO - Sede Léon,4774414200,,Guanajuato,"Lomas del Bosque, 115, Col. Lomas de Campestre, CP 37150, Léon, Guanajuato",https://www.cio.mx/
59,CIO - Sede Aguascalientes,4494428124,,Aguascalientes,"Prol. Constitución, 607, Col. Fracc. Reserva Loma Bonita, CP 20200, Aguascalientes, Aguascalientes",https://www.cio.mx/aguascalientes_informacion_general.php
60,CIESAS - Sede CDMX 1,5554873600,1195.0,Ciudad de México,"Benito Juárez, 87, Col. Tlalpan centro, CP 14000, Alcaldía Tlalpan, Ciudad de México",https://cdmx.ciesas.edu.mx/
61,CIESAS - Sede CDMX 2,5554873600,1195.0,Ciudad de México,"Benito Juárez, 222, Col. Tlalpan centro, CP 14000, Alcaldía Tlalpan, Ciudad de México",https://cdmx.ciesas.edu.mx/
62,CIESAS - Sede CDMX 3,5554873600,1195.0,Ciudad de México,"Ximilpa, 39, Col. Tlalpan centro, CP 14000, Alcaldía Tlalpan, Ciudad de México",https://cdmx.ciesas.edu.mx/
63,CIESAS - Sede CDMX 4,5554873600,1195.0,Ciudad de México,"Miguel Hidalgo y Mariano Matamoros, s/n, Col. Tlalpan centro, CP 14000, Alcaldía Tlalpan, Ciudad de México",https://cdmx.ciesas.edu.mx/
64,CIESAS - Sede CDMX 5,5554873600,1195.0,Ciudad de México,"Niño Jesús, 251, Col. La Joya, CP 14090, Alcaldía Tlalpan, Ciudad de México",https://cdmx.ciesas.edu.mx/
65,CIESAS - Sede Guadalajara 1,3332680600,3030.0,Jalisco,"Av. España, 1359, Col. Moderna, CP 44190, Guadalajara, Jalisco",https://occidente.ciesas.edu.mx/
66,CIESAS - Sede Guadalajara 2,3332680600,3030.0,Jalisco,"Av. Alemania, 1626, Col. Moderna, CP 44190, Guadalajara, Jalisco",https://occidente.ciesas.edu.mx/
67,CIESAS - Sede Nuevo León,8119300500,123.0,Nuevo León,"Prol. José María Morelos, 822, Col. Barrio Antiguo, CP 64000, Monterrey, Nuevo León",https://noreste.ciesas.edu.mx/
68,CIESAS - Sede Mérida,9999303390,7005.0,Yucatán,"Carretera Sierra Papacal - Chuburná Puerto, Km 5.5, Col. Parque Cientifico Tecnológico Yucatán, CP 97302, Mérida, Yucatán",https://peninsular.ciesas.edu.mx/
69,CIESAS - Sede Oaxaca,9515021600,6527.0,Oaxaca,"Sierra Nevada, 347, Col. Loma Linda, CP 68024, Oaxaca de Juárez, Oaxaca",https://pacificosur.ciesas.edu.mx/
70,CIESAS - Sede Xalapa,2288423940,5123.0,Veracruz de Ignacio de la Llave,"Encanto Esq. Antonio Nava, s/n, Col. El Mirador, CP 91179, Xalapa, Veracruz de Ignacio de la Llave",https://golfo.ciesas.edu.mx/
71,CIESAS - Sede San Cristóbal de las Casas,9676749100,4008.0,Chiapas,"Carretera San Cristóbal – San Juan Chamula, Km 3.5, s/n, Col. Barrio Quinta San Martín, CP 29247, San Cristóbal de las Casas, Chiapas",https://sureste.ciesas.edu.mx/
72,CIATEC - A.C.,4777100011,12400.0,Guanajuato,"Omega, 201, Col. Industrial Delta, CP 37545, León, Guanajuato",https://www.ciatec.mx/
73,CIATEQ - Sede Querétaro Retablo,4422112600,,Querétaro,"Av. del Retablo, 150, Col. Constituyentes Fovissste, CP 76150, Queretaro, Querétaro",http://ciateq.edu.mx/contacto.html
74,CIATEQ - Sede Querétaro Bernardo Quintana,4421961500,,Querétaro,"Av. Manantiales, 23-A, Col. Parque Industrial Bernando Quintana, CP 76246, El Marques, Querétaro",http://ciateq.edu.mx/contacto.html
75,CIATEQ - Sede San Luis Potosí,4448240310,,San Luis Potosí,"Eje 126, 225, Col. Zona Industrial San Luis Potosi, CP 78395, San Luis Potosi, San Luis Potosí",http://ciateq.edu.mx/contacto.html
76,CIATEQ - Sede Aguascalientes,4499731060,,Aguascalientes,"Circuito Aguascalientes, 135, Col. Parque Industrial del Valle de Aguascalientes, CP 20358, San Franciso  de los Romos, Aguascalientes",http://ciateq.edu.mx/contacto.html
77,CIATEQ - Sede Estado de México,7222620750,,México,"Circuito de la Industria Poniente lote 11, Manzana 3, 11, Col. Parque Industrial Exhacienda Doña Rosa, CP 52004, Lerma, México",http://ciateq.edu.mx/contacto.html
78,CIATEQ - Sede Jalisco,3326870310,,Jalisco,"Nodo Servidor Publico, 165, Col. Anexo Club de Golf las Lomas, CP 4406, Zapopan, Jalisco",http://ciateq.edu.mx/contacto.html
79,CIATEQ - Sede Villahermosa Tabasco,9933168363,,Tabasco,"23 de Agosto, 213, Col. Jesús Garcia, CP 86040, Villahermosa, Tabasco",http://ciateq.edu.mx/contacto.html
80,CIATEQ - Sede Pachuca,4422112600,,Hidalgo,"lote 1 Manzana 5, s/n, Col. Pachuca Ciudad del Conocimiento y la Cultura, CP 42110, Pachuca de Soto, Hidalgo",http://ciateq.edu.mx/contacto.html
81,CIATEQ - Sede Clema Tabasco,9933168363,,Tabasco,"Lotes 15,16 y 17, s/n, Col. Parque industrial Tabasco Bussines Center, CP 86693, Cunduacán, Tabasco",http://ciateq.edu.mx/contacto.html
82,COMIMSA - Sede principal Saltillo,8444113200,,Coahuila de Zaragoza,"Ciencia y Tecnologia, 790, Col. Colonia Saltillo 400, CP 25290, Saltillo, Coahuila de Zaragoza",https://www.comimsa.com.mx/portal/
83,COMIMSA - Sede Monclova,8666324952,,Coahuila de Zaragoza,"José Ma. Morelos, 800, Col. La Loma, CP 25770, Monclova, Coahuila de Zaragoza",https://www.comimsa.com.mx/portal/
84,COMIMSA - Sede CDMX,5552602238,,Ciudad de México,"Bahía de Sta. Barbara, 145, Col. Veronica Anzures, CP 11300, Alcaldía Miguel Hidalgo, Ciudad de México",https://www.comimsa.com.mx/portal/
85,COMIMSA - Sede Cunduacán,9141260060,,Tabasco,"Calle Circuito Tabasco Carretera Reforma, Reforma - Dos Bocas 17+920,, Lote 13 Manzana 3, Col. Parque Industrial Business Center, CP 86690, Cunduacan, Tabasco",https://www.comimsa.com.mx/portal/
86,COMIMSA - Sede Cd. del Carmen,9383829835,,Campeche,"Calle 33, 113, Col. Burocrata, CP 24160, Ciuidad del Carmen, Campeche",https://www.comimsa.com.mx/portal/
87,COLEF - Sede Tijuana,6646316300,2211.0,Baja California,"Km 18.5 Carretera Escénica Tijuana-Ensenada, s/n, s/n, Col. San Antonio del Mar, CP 22560, Tijuana, Baja California",https://www.colef.mx/sedes/tijuana/
88,COLEF - Sede Mexicali,6865547447,,Baja California,"Cerrada Jardín de la Alegría, 2234, 2234, Col. Fracc. Hega, CP 21220, Mexicali, Baja California",https://www.colef.mx/sedes/mexicali/
89,COLEF-Sede Nogales,6313143710,,Sonora,"Reforma, 528, 528, Col. Del Rosario, CP 84020, Nogales, Sonora",https://www.colef.mx/sedes/nogales/
90,COLEF - Sede Ciudad Juárez,6566168578,,Chihuahua,"Av. Insurgentes, 3708, 3708, Col. Los Nogales, CP 32350, Ciudad Juárez, Chihuahua",https://www.colef.mx/sedes/cdjuarez/
91,COLEF - Sede Matamoros,8688134559,,Tamaulipas,"Av. Fuentes de Verónica, s/n, s/n, Col. Ciudad Industrial, CP 87499, Matamoros, Tamaulipas",https://www.colef.mx/sedes/matamoros/
92,COLEF - Sede Monterrey,8183875027,,Nuevo León,"Técnicos Esq. Río Pánuco, 277, 277, Col. Tecnológico, CP 64700, Monterrey, Nuevo León",https://www.colef.mx/sedes/monterrey/
93,COLEF - Sede Piedras Negras,8787822840,,Coahuila de Zaragoza,"Jalisco, 1505, 1505, Col. Nísperos, CP 26020, Piedras Negras, Coahuila de Zaragoza",https://www.colef.mx/sedes/pnegras/
94,COLEF - Oficina CDMX,5555543545,,Ciudad de México,"Francisco Sosa, 254, 254, Col. Barrio de Santa Catarina, CP 4010, Alcaldía Coyoacán, Ciudad de México",https://www.colef.mx/sedes/casa-colef/
95,ECOSUR - Unidad Campeche,9811273720,2720.0,Campeche,"Av. Rancho Polígono, 2-A, s/n, Col. Ciudad Industrial Lerma, CP 24500, Campeche, Campeche",https://www.ecosur.mx/unidad/campeche/
96,ECOSUR - Unidad Chetumal,9838350440,4720.0,Quintana Roo,"Av. Centenario, Km 5.5, Col. Antorchista, CP 77014, Chetumal, Quintana Roo",https://www.ecosur.mx/unidad/chetumal/
97,ECOSUR - Unidad San Cristóbal de Las Casas,9676749000,1730.0,Chiapas,"Carretera Panamericana y Periférico Sur, s/n, Col. María Auxiliadora, CP 29290, San Cristóbal de Las Casas, Chiapas",https://www.ecosur.mx/unidad/san-cristobal/
98,ECOSUR - Unidad Tapachula,9626289800,5730.0,Chiapas,"Carretera Antiguo Aeropuerto, Km 25, Col. Centro, CP 30700, Tapachula, Chiapas",https://www.ecosur.mx/unidad/tapachula/
99,ECOSUR - Unidad Villahermosa,9933136110,3720.0,Tabasco,"Carretera Villahermosa-Reforma, Km 15.5, Col. Ranchería Guíneo sección II, CP 86280, Villahermosa, Tabasco",https://www.ecosur.mx/unidad/villahermosa/
100,ECOSUR - Jardín Botánico en Puerto Morelos,9982069233,,Quintana Roo,"Carretera Federal Chetumal Cancún, Km 320, Col. Pescadores, CP 77580, Puerto Morelos, Quintana Roo",https://www.ecosur.mx/
101,ECOSUR - Oficina en Yucatán,9994060048,,Yucatán,"Carretera Sierra Pacacal, Km 5.5, Col. Sierra Papacal, CP 97302, Sierra Papacal, Yucatán",https://www.ecosur.mx/
102,COLMICH - Sede Zamora,3515157100,1741.0,Michoacán de Ocampo,"Martínez de Navarrete, 505, n/a, Col. Las Fuentes, CP 59699, Zamora, Michoacán de Ocampo",https://www.colmich.edu.mx/
103,COLMICH - Sede La Piedad,3525256107,2600.0,Michoacán de Ocampo,"Cerro de Nahuatzen, 85, n/a, Col. Fracc. Jardínez del Cerro Grande, CP 59379, La Piedad, Michoacán de Ocampo",https://www.colmich.edu.mx/
104,"COLSAN - El Colegio de San Luis, A.C.",4448110101,,San Luis Potosí,"Parque de Macul, 155, Col. Colinas del Parque, CP 78294, San Luis Potosí, San Luis Potosí",https://www.colsan.edu.mx/
105,INFOTEC - Sede CDMX,5556242800,6301.0,Ciudad de México,"Av. San Fernando, 37, s/n, Col. Toriello Guerra, CP 14050, Alcaldía Tlalpan, Ciudad de México",https://www.infotec.mx/
106,INFOTEC - Sede Aguascalientes,5556242800,6301.0,Aguascalientes,"Circuito Tecnopolo Sur, 112, s/n, Col. Hacienda Nueva, CP 20313, Aguascalientes, Aguascalientes",https://www.infotec.mx/
107,INECOL - Sede Xalapa,2288421818,,Veracruz de Ignacio de la Llave,"Carretera antigua a coatepec, 351, s/n, Col. El Haya, CP 91073, Xalapa, Veracruz de Ignacio de la Llave",https://www.inecol.mx/inecol/index.php/es/
108,INECOL - Sede Bajío,4341179510,,Michoacán de Ocampo,"Av. Lázaro Cárdenas, 253, s/n, Col. Centro, CP 61600, Pátzcuaro, Michoacán de Ocampo",https://www.inecol.mx/inecol/index.php/es/
109,INECOL - Sede CICOLMA,2966902045,,Veracruz de Ignacio de la Llave,"Carretera Cardel-Nautla Km 187, s/n, s/n, Col. La Mancha, CP 91495, Actopan, Veracruz de Ignacio de la Llave",https://www.inecol.mx/inecol/index.php/es/
110,Mora - Sede Plaza,5555983777,,Ciudad de México,"Plaza Valentín Gómez Farías, 12, Col. San Juan Mixcoac, CP 3730, Alcaldía Benito Juárez, Ciudad de México",https://www.institutomora.edu.mx/Inicio.html
111,Mora - Sede Poussin,5555983777,,Ciudad de México,"Poussin, 45, Col. Mixcoac, CP 3730, Alcaldía Benito Juárez, Ciudad de México",https://www.institutomora.edu.mx/Inicio.html
112,Mora - Sede Búfalo,5555983777,,Ciudad de México,"Búfalo, 172, Col. Del Valle, CP 3100, Alcaldía Benito Juárez, Ciudad de México",https://www.institutomora.edu.mx/Inicio.html
113,Mora - Sede Madrid,5555983777,,Ciudad de México,"Madrid, 82, Col. Del Carmen, CP 4100, Alcaldía Coyoacán, Ciudad de México",https://www.institutomora.edu.mx/Inicio.html
114,INAOE - Sede Tonantzintla,2222663100,,Puebla,"Luis Enrique Erro, 1, Col. Sta. María Tonantzintla, CP 72840, San Andrés Cholula, Puebla",https://www-optica.inaoep.mx/
115,INAOE - Subsede Cananea,9622597450,,Sonora,"Avenida Sinaloa, 25, Col. Centro, CP 84620, Cananea, Sonora",https://www-optica.inaoep.mx/
116,INAOE - Subsede Atzitzintla,2454528050,,Puebla,"Avenida Miguel Aleman, 10, Col. Centro, CP 75540, Atzitzintla, Puebla",https://www-optica.inaoep.mx/
117,IPICYT,4448342000,,San Luis Potosí,"Camino a la Presa San José, 2055, Col. Lomas 4a Sección, CP 78216, San Luis Potosí, San Luis Potosí",https://ipicyt.edu.mx/
118,CENTROGEO - CDMX,5526152508,3222.0,Ciudad de México,"Contoy, 137, Col. Lomas de Padierna, CP 14240, Alcaldía Tlalpan, Ciudad de México",https://www.centrogeo.org.mx/
119,CENTROGEO - Mérida,9996885300,1015.0,Yucatán,"Carretera Sierra Papacal-Chuburná Puerto, Km 5, Col. Parque Cientifico Tecnológico Yucatán, CP 97302, Mérida, Yucatán",https://www.centrogeo.org.mx/
120,CENTROGEO - Aguascalientes,4499682460,4006.0,Aguascalientes,"Circuito Tecnopolo Norte, 107, Col. Tecnopolo Pocitos II, CP 20313, Aguascalientes, Aguascalientes",https://www.centrogeo.org.mx/
121,CENTROGEO - Vallejo,5526152508,,Ciudad de México,"Av. 22 de Febrero, 440, Col. San Marcos, CP 2020, Alcaldía Azcapotzalco, Ciudad de México",https://www.centrogeo.org.mx/
122,CENAM - Principal,4423447701,,Querétaro,"Km 4.5 carretera a Los Cues, Km 4.5, Edificio D, Col. Los Cues, CP 76246, El Marqués, Querétaro",https://www.conacyt.gob.mx/cibiogem/index.php/component/rseventspro/ubicaci%C3%B3n/24-centro-nacional-de-metrologia-cenam
