fid,siglas,nom_lab_nal,numero_instituc_asociadas,instit_asociadas,instit_responsable,estatus,pagina,x_long,y_lat
1,LANBAMA,"Laboratorio Nacional de Biotecnología Agrícola, Médica y Ambiental",2,,IPICyT,Activo,http://www.ipicyt.edu.mx/Lanbama/lanbama.php,-101.03533967148383,22.14982340972867
2,LNATCG,Laboratorio Nacional de Apoyo Tecnológico a las Ciencias Genómicas,3,UNAM-FIS. CELULAR (CDMX),UNAM,Activo,http://lnatcg.unam.mx/,-99.23411405248851,18.983419235465934
3,LANAFQB,"Laboratorio Nacional de análisis Físicos, Químicos y Biológicos",1,ND,UASLP,Activo,http://www.ciacyt.uaslp.mx/,-101.02552821844237,22.15058200108336
4,LNMA,Laboratorio Nacional de Microscopía Avanzada,4,"IMSS (CDMX), UCOL (COLIMA)",UNAM,Activo,http://www.lnma.unam.mx/#/4,-99.23053158101568,18.985178048101762
5,LEMA,Laboratorio Nacional de Espectrometría de Masas con Aceleradores,5,"UASLP (San Luis Potosí), ECOSUR (Chiapas), ININ (México)",UNAM,Activo,http://laboratorios.fisica.unam.mx/home?id=11,-99.17658965255487,19.325494832941907
6,LANMAC,Laboratorio Nacional de Materia Cuántica: Materia Ultrafría e Inform. cuántica,5,"CICESE (Baja California), ITESM (Nuevo León), UAS (Sinaloa)",UNAM,Activo,http://www.fisica.unam.mx/laboratorios/lanmac/local/home87f1.html,-99.17642841456731,19.324248363373382
7,LACAPFEM,Laboratorio Nacional de Caracterización de Propiedades Físico-Químicas y Estructura Molecular,2,,UGTO,Activo,http://www.laboratorionacional.mx/,-101.26982240888502,21.02639029796422
8,LANMDA,Laboratorio Nacional de nutrigenómica y microbiómica digestiva animal,4,"IPN (CDMX), UNAM-FES CUATITLAN (México)",UMSNH,Activo,http://www.lanmda.org/,-101.25052892490793,19.685041298589763
9,LANAFONU,Laboratorio Nacional de Investigación Forense Nuclear,4,"UNAM-NUCLEARES (CDMX), UASLP (San Luis Potosí)",ININ,Activo,http://www.inin.gob.mx/mini_sitios/segundo_plano.cfm?cve_area=LIFN&codigo_opc=170001000#,-99.18038566787779,19.325810591605713
10,LANCIC,Laboratorio Nacional de Ciencias para la Investigación y la Conservación del Patrimonio Cultural  (LANCIC),4,"UACAM (Campeche), UNAM-INV. ESTETICAS (CDMX)",UNAM,Activo,http://laboratorios.fisica.unam.mx/home?id=15,-99.17658457742314,19.32536381768085
11,,Laboratorio Nacional de Microarreglos para Genómica Funcional e Identificación de Organismos,1,,CIAD,No activo,,-99.15634195797927,19.288311171631666
12,LNPP,Laboratorio Nacional de Políticas Públicas,2,,CIDE,Activo,http://lnpp.cide.edu/,-99.26411208772468,19.37456413155956
13,LANMO,Laboratorio Nacional de Materiales Orales,3,COLSAN (San Luis Potosí),UNAM,Activo,http://www.lanmo.unam.mx/,-101.22080672483416,19.6491961154469
14,LND,Laboratorio Nacional Diversidades,4,FLACSO (Ciudad de México),UNAM,Activo,http://www.lndiversidades.unam.mx/wp/,-99.1807995715072,19.31665929378675
15,LANOV,Laboratorio Nacional de Optica de la Visión,4,"UNAM-CECADET (CDMX), ASOC. PARA EVITAR LA CEGUERA (CDMX) ",CIO,Activo,http://cenaprot.mx/page/index.php/es/,-100.46999177910013,20.729423141425375
16,LAMPER,Laboratorio Nacional de Medicina Personalizada,3,CLUSTER MEDICO JALISCO (Jalisco),CIATEJ,Activo,https://ciatej.mx/servicios-industria/medica-farmaceutica/lamper,-103.34681024461756,20.694104736003517
17,LABNALCIT,Laboratorio Nacional de Citometría de Flujo,3,UACH (Chihuahua),UNAM,Activo,http://labnalcit.org/,-99.18039047710614,19.33148183860616
18,LaNReGen,Laboratorio Nacional de Recursos Genómicos,2,,UNAM,Activo,www.lanregen.unam.mx/,-99.19062616787761,19.32353229288829
19,LNS-FESI,Laboratorio Nacional en Salud: Diagnóstico Molecular y Efecto Ambiental en Enfermedades Crónico-Degenerativas,2,,UNAM,Activo,http://laboratorionacionalensalud-fes-iztacala.com/,-99.18843020087688,19.52460197370652
20,LANIREM,Laboratorio Nacional enfocado en imagenología por resonancia magnética,2,,UNAM,Activo,http://www.lanirem.inb.unam.mx/,-100.44624554407392,20.70221634357778
21,LANSBIODyT,Laboratorio Nacional de soluciones biomiméticas para diagnóstico y terapia,2,,UNAM,Activo,https://sites.google.com/a/ciencias.unam.mx/lansbiodyt/,-99.18018100491888,19.323237403638796
22,LaNCa,Laboratorio Nacional de Canalopatías,5,"UCOL (Colima), UNAM-C. DEL MAR (CDMX), UNAM-IBT (Morelos)",UNAM,Activo,http://canalopatias.ifc.unam.mx/,-99.17746525402127,19.328309131054258
23,LAMMB,Laboratorio Nacional para la Producción y Análisis de Moléculas y Medicamentos Biotecnológicos,2,,UNAM,Activo,www.lammb.unam.mx,-99.23552019278745,18.98082204450631
24,LANEM,Laboratorio Nacional de Estructura de Macromoléculas,2,,UAEM,Activo,http://www.lanem.mx/,-99.23850172523827,18.98373028120783
25,CI3M,Laboratorio Nacional de Investigación en Imagenología e Instrumentación Médica,4,"UASLP (San Luis Potosí), AMORN, A.C. (CDMX)",UAM - I,Activo,http://ci3m.mx/inicio/,-99.07405183075441,19.36140944249021
26,LANSEIDI-FarBio,"Laboratorio Nacional de Servicios Especializados de Investigación, Desarrollo e Innovación (I + D + i) para Farmoquímicos y Biotecnológicos",3,ND,IPN,Activo,http://lanseidi.com,-99.17187754231705,19.453622930780316
27,BIOBANCO,Laboratorio Nacional Biobanco,4,"INSP (Morelos), INMEGEN (CDMX)",UANL,Activo,http://www.medicina.uanl.mx/biobanco/-a-laboratorio-nacional-biobanco/,-100.31206472858592,25.7266766000537
28,LANIDER,Laboratorio Nacional de Investigación y Desarrollo de Radiofármacos,3,UNAM-Facultad de Medicina (Ciudad de México),ININ,Activo,http://inin.gob.mx/principal_miniportal.cfm?cve_area=PPR&codigo_opc=200001020,-99.39055652395648,19.29373145903374
29,LNMS,Laboratorio Nacional de Medicina de Sistemas (Para enfermedades crónico-degenerativas),2,,ITESM-MTY,Activo,http://escuelademedicina.itesm.mx/medicina-de-sistemas.aspx ,-100.28943747239306,25.65161468965535
30,LaNSE,Laboratorio Nacional de Proteómica Genómica,2,ND,CINVESTAV,Activo,https://lanse.cinvestav.mx/,-99.129507,19.509838
31,LNETTE,Laboratorio Nacional de Máxima Seguridad Biológica para el estudio de la Tuberculosis y de Enfermedades emergentes,1,,INCMNSZ,Activo,http://www.innsz.mx/imagenes/siteLaboratoriodeMicrobiologia/,-99.1585405,19.2879435
32,,Laboratorio Nacional BSL 3 para la Investigación en Virología Humana,1,,UANL,No activo,,-100.3146504,25.7261933
33,LABNARMYM,Laboratorio Nacional de Referencia Molecular y Microbiológico para el Control Sanitario,2,,IPICyT,No activo,http://www.gob.mx/cofepris/acciones-y-programas/comision-de-control-analitico-y-ampliacion-de-cobertura,-101.0355936,22.1501971
34,GeoInt,Laboratorio Nacional de Geointeligencia,5,"CIMAT (Guanajuato), IPICYT (San Luis Potosí), POLICIA CIENTÍFICA (CDMX)",Centro GEO,Activo,http://www.geoint.mx,-99.2217009,19.2917119
35,LANGEM,Laboratorio Nacional de Geoquímica y Mineralogía,2,,UNAM,Activo,http://www.langem.org/,-99.174419,19.327406
36,LaNaB/O,Laboratorio Nacional de Buques Oceanográficos,5,"INAH (Ciudad de México), CIBNOR (Baja California Sur), UNAM (6 Dependencias)",UNAM,Activo,https://www.icmyl.unam.mx/lnbo/,-99.1865058,19.3277922
37,LANOT,Laboratorio Nacional de Observación de la Tierra,5,"INEGI (Aguascalientes), UAMEX (Estado de México), UNAM (4 dependencias)",UNAM,Activo,http://www.lanot.unam.mx/  ,-99.17677223294767,19.328022062136277
38,LANIFLUMAR,Laboratorio Nacional de Ingeniería Fluviomarítima,3,IPN (Ciudad de México),IMT,Activo,laniflumar.imt.mx,-100.2131425,20.4953663
39,CNS,Centro Nacional de Supercómputo,3,COLSAN (San Luis Potosí),IPICyT,Activo,http://www.cns-ipicyt.mx/,-101.0386583,22.1498445
40,LaNIF,Laboratorio Nacional de Internet del Futuro,3,CENIDET (Morelos),INFOTEC,Activo,http://lanif.infotec.mx/,-99.1640145,19.2909511
41,LAVIS,Laboratorio de Visualización Científica Avanzada,4,"COMIMSA (Coahuila), UAQ (Querétaro)",UNAM,Activo,www.lavis.unam.mx,-100.4456479,20.7015848
42,LNCC,Laboratorio Nacional de Ciencias de la Complejidad,3,,UNAM,Activo,https://lncc.c3.unam.mx/,-99.1823705,19.3115575
43,LANCAD,Laboratorio Nacional de Cómputo de Alto Desempeño,3,CINVESTAV (TAMAULIPAS),UAM - I,Activo,http://www.lancad.mx/,-99.0747598,19.3615608
44,LaNTI,Laboratorio Nacional de Tecnologías de la Información,2,,ITCM,Activo,http://www.lanti.org.mx/,-97.8761454,22.4189219
45,LNS,Laboratorio Nacional de Supercómputo del Sureste de México,3,ND,BUAP,Activo,http://www.lns.org.mx/,-98.2005252,18.9951042
46,SiT-LOG,Laboratorio Nacional en sistemas de transporte y logística,4,"UANL-FIME (Nuevo León), ITSON (Sonora)",IMT,Activo,http://lab-nacional.yologistico.com/,-100.2128109,20.4950587
47,LANIIA,Laboratorio Nacional para la investigación en inocuidad alimentaria,4,"CENIT (Nayarit), UAS (Sinaloa)",CIAD,Activo,http://laniia.ciad.edu.mx/cms/,-107.4574275,24.7339122
48,LANABIO,Laboratorio Nacional de Biodiversidad,2,,UNAM,Activo,www.ibiologia.unam.mx/lanabio.html,-99.1940705,19.3203659
49,LANASE,Laboratorio Nacional de análisis y síntesis ecológica para la conservación de los recursos genéticos,3,UMICH (Michoacán),UNAM,Activo,http://www.lanase.unam.mx/es/,-101.2232893,19.6500018
50,LANRESC,Laboratorio Nacional de resiliencia costera,6,"Centro del Cambio Global (Tabasco), UNAM-CIENCIAS (Yucatán), CINVESTAV (Yucatán), ITSON (Sonora) ",UNAM,Activo,http://www.lanresc.mx/,-90.0481831,21.1632323
51,LANIES,Laboratorio Nacional de Innovación Ecotecnológica para la Sustentabilidad,2,,UNAM,Activo,www.lanies.unam.mx/,-101.2307352,19.648074
52,LNVCS,Laboratorio Nacional de vivienda y comunidades sustentables,4,"UACJ (Chihuahua), UNISON (Sonora)",UNACH,Activo,http://www.laboratoriodevivienda.org/?p=4,-93.1569773,16.7531474
53,LNAGUA,"Laboratorio Nacional de Ciencia, Tecnología y Gestión Integrada del Agua",3,UCEM (San Luis Potosí),IPN,Activo,https://www.facebook.com/LNAgua-117756502198024/,-99.209845,19.444836
54,LAN-PlanTECC,Laboratorio Nacional PLANTECC,2,,CINVESTAV,Activo,www.ira.cinvestav.mx/PlanTECC/tabid/1396/language/en-US/Default.aspx,-101.3300973,20.7201128
55,LANCIS,Laboratorio Nacional de las Ciencias de la Sostenibilidad,3,UNAM-UACYT (Yucatán),UNAM,Activo,http://lancis.ecologia.unam.mx/,-99.191941,19.322579
56,LaniVeg,Laboratorio Nacional de Identificación y Caracterización Vegetal,2,,UAQ,Activo,http://www.laniveg.com/sitio/,-100.4436836,20.7013346
57,LANISAF,Laboratorio Nacional de Investigación y Servicio del Sector Agro-Alimentario y Forestal,4,"CHAPINGO (Durango), CHAPINGO (Nayarit)",CHAPINGO,Activo,https://lanisaf.chapingo.mx/,-98.887735,19.493186
58,,Laboratorio Nacional de Biotecnología Ambiental y Agroecológica,1,,ECOSUR,No activo,,-92.2862541,14.8865168
59,L-IDEA,Laboratorio de Investigación y Desarrollo de Alimentos,1,,UNIVER,No activo,,-96.8750316,19.5157776
60,LNMG,Laboratorio Nacional de Materiales Grafénicos,4,"CIDETEQ (Querétaro), CIMAV (Chihuahua)",CIQA,Activo,https://www.ciqa.mx/index.php/mnu-laboratorios/140-laboratorio-nacional-de-materiales-grafeno/laboratorio-nacional-de-materiales-grafenicos,-100.96796006003858,25.459290901412817
61,LANI-Auto,Laboratorio Nacional en Innovación y Desarrollo de Materiales Ligeros para la Industria Automotríz,4,"CIDETEQ (Querétaro), CIO (Guanajuato)",CIQA,Activo,http://laniauto.ciqa.mx/,-101.62023465765616,21.08769833064495
62,NanoTeCH,Laboratorio Nacional de Nanotecnología,2,,CIMAV,Activo,http://ntch.cimav.edu.mx/,-106.13395949278402,28.716812254672163
63,LANCyTT,Laboratorio Nacional de ciencia y tecnología de terahertz,3,CINVESTAV (Querétaro),CIO,Activo,http://www.thz.org.mx/lnctt//,-100.46997032943541,20.729322812052466
64,LANMYNF,Laboratorio Nacional de Micro y Nanofluídica,5,"CIQA (Coahuila), CIMAV (Chihuahua), CIO (Guanajuato)",CIDETQ,Activo,www.labmyn.mx,-100.22236613356291,20.491033900096273
65,LINAN,Laboratorio Nacional de Investigaciones en Nanociencias,2,,IPICyT,Activo,http://www.linan-ipicyt.mx/,-101.03569362698178,22.15018097846729
66,LIDTRA,Laboratorio Nacional de Investigación y Desarrollo Tecnológico de Recubrimientos Avanzados (LIDTRA),2,,CINVESTAV,Activo,https://qro.cinvestav.mx/lidtra/,-100.47001324416978,20.729282674846115
67,LANNBIO,Laboratorio Nacional de Nano y Biomateriales,2,,CINVESTAV,Activo,https://www.mda.cinvestav.mx/Investigación/DepartamentodeFísicaAplicada/Laboratorios/Nanoybiomateriales.aspx ,-89.62634044126476,21.038237993314507
68,NANOFAB,Laboratorio Nacional de Nanofabricación,4,"USON (Sonora), U KINO (Sonora)",UNAM,Activo,https://www.cnyn.unam.mx/lannafab,-116.66231108103582,31.865712201488385
69,CENAPROT,Laboratorio Nacional de Proyección Térmica,3,CIATEQ (Querétaro),CINVESTAV,Activo,http://cenaprot.mx/page/index.php/es/,-100.47005615951527,20.729282674846115
70,LN-INGEA,Laboratorio Nacional de Ingeniería Espacial y Automotríz,3,UNAM-NUCLEARES (CDMX),UNAM,Activo,http://www.ingenieria.unam.mx/uat/laboratorio-nacional.html,-100.44939267540708,20.705645557687074
71,MADiT,"Laboratorio Nacional de Manufactura Aditiva y digital, MADiT",6,"ITESM (Nuevo León), UANL(Nuevo León), UADY (Yucatán), UACJ (Chihuahua) ",UNAM,Activo,http://labunam.unam.mx/micrositio/LNMA3DyTC/,-99.1751904418718,19.327128938618696
72,SEDEAM,"Laboratorio Nacional en Investigación, Desarrollo Tecnológico e Innovación en Sistemas Embebidos, Diseño Electrónico Avanzado y Micro-Sistemas",4,"ITS-EL DORADO (Sinaloa), CIDESI (Querétaro)",UAZ,Activo,www.sedeam.com.mx,-102.56529914759774,22.77133083540242
73,LANIMFE,Laboratorio Nacional de Ingeniería de la Materia Fuera de Equilibrio,6,"UG (Guanajuato), UNISON (Sonora), COMPETE A.C. (San Luis Potosí)",UASLP,Activo,http://lanimfe.ifisica.uaslp.mx/,-101.01656300182412,22.144494546546483
74,LaNCaM,Laboratorio Nacional de Caracterización de Materiales,3,ND,UNAM,Activo,www.fata.unam.mx/Laboratorio_Nacional,-100.44676250308092,20.701444325693924
75,LaNaVEx,Laboratorio Nacional en Vehículos Autónomos y Exoesqueletos,3,UP-PACHUCA (Hidalgo),CINVESTAV,Activo,http://lanavex.cinvestav.mx/,-99.12886164418475,19.509052270286563
76,,Laboratorio Nacional de Microscopía Electrónica de Alta Resolución para Caracterización de Nanoestructuras,0,,CINVESTAV,No activo,,-99.13955261349088,19.50159003436307
77,,Laboratorio Multidisciplinario de Caracterización de Materiales y Nanoestructuras,1,,IPN,No activo,,-99.14040972839645,19.49849169657296
78,,Laboratorio Nacional de Micro y Nano Tecnología,1,,IPN,No activo,,-99.14040972839645,19.49849169657296
79,,Laboratorio de Robótica del área Noreste y Centro de México,1,,ITESM-MTY,No activo,,-100.29080239341869,25.65043102210112
80,,Laboratorio Nacional de Investigación en Materiales Avanzados,1,,UANL,No activo,,-100.12396673561935,25.764221217083083
81,LANITEF,Laboratorio Nacional de investigación en tecnologías del frío,3,UANL-FIME (Nuevo León),CIDESI,Activo,http://www.lanitef.mx/,-100.31280137293608,25.724038653833283
82,CAE,Laboratorio Nacional de Conversión y Almacenamiento de Energía,2,,IPN,Activo,http://lncae.cicata.ipn.mx/,-99.20985031985987,19.444857394749867
83,LaNDACBio,Laboratorio Nacional de Desarrollo y Aseguramiento de Calidad de Biocombustibles,2,,IPN,Activo,http://landacbio.ipn.mx/,-99.12570882360401,19.515069150661372
84,LACYQS,Laboratorio Nacional de Sistemas de Concentración Solar y Química Solar,1,,UNAM,No activo,,-99.23569333352975,18.839983500578118
85,LANERER,Laboratorio Nacional para la Evaluación de los Recursos Energéticos Renovables en México,1,,INEEL,No activo,,-99.21941116620104,18.875803211386028
86,,Laboratorio Nacional de Innov. Fotovoltaica y  Caracterización de Celdas Solares,1,,UNAM,No activo,,-99.23559173926066,18.83997447376219
87,LANGTM,Laboratorio Nacional de Gran Telescopio Milimétrico: Investigación avanzada de Astro física y tecnologías milimétricas,2,,INAOE,Activo, www.langtm.org,-97.31482344532384,18.985949093300963
88,HAWC,Laboratorio Nacional HAWC de Rayos Gamma,2,,UNAM,Activo,http://labunam.unam.mx/micrositio/HAWC/,-97.30850928611441,18.99479148786021
89,OAN-SPM,"Laboratorio Nacional de Astrofísica, San Pedro Mártir",4,"UG (Guanajuato), UDG (Jalisco)",UNAM,Activo,http://labunam.unam.mx/micrositio/oan/,-115.4637264429923,31.044214442340426
90,LANCE,Laboratorio Nacional de Clima Espacial,2,,UNAM,Activo,http://www.lance.unam.mx/,-101.22798474603647,19.647720506027845
