﻿fid,siglas,nom_lab_nal,numero_instituc_asociadas,instit_asociadas,instit_responsable,estatus,pagina
1,LANBAMA,"Laboratorio Nacional de Biotecnología Agrícola, Médica y Ambiental",2,,IPICyT,Activo,http://www.ipicyt.edu.mx/Lanbama/lanbama.php
2,LNATCG,Laboratorio Nacional de Apoyo Tecnológico a las Ciencias Genómicas,3,UNAM-FIS. CELULAR (CDMX),UNAM,Activo,http://lnatcg.unam.mx/
3,LANAFQB,"Laboratorio Nacional de análisis Físicos, Químicos y Biológicos",1,ND,UASLP,Activo,http://www.ciacyt.uaslp.mx/
4,LNMA,Laboratorio Nacional de Microscopía Avanzada,4,"IMSS (CDMX), UCOL (COLIMA)",UNAM,Activo,http://www.lnma.unam.mx/#/4
5,LEMA,Laboratorio Nacional de Espectrometría de Masas con Aceleradores,5,"UASLP (San Luis Potosí), ECOSUR (Chiapas), ININ (México)",UNAM,Activo,http://laboratorios.fisica.unam.mx/home?id=11
6,LANMAC,Laboratorio Nacional de Materia Cuántica: Materia Ultrafría e Inform. cuántica,5,"CICESE (Baja California), ITESM (Nuevo León), UAS (Sinaloa)",UNAM,Activo,http://www.fisica.unam.mx/laboratorios/lanmac/local/home87f1.html
7,LACAPFEM,Laboratorio Nacional de Caracterización de Propiedades Físico-Químicas y Estructura Molecular,2,,UGTO,Activo,http://www.laboratorionacional.mx/
8,LANMDA,Laboratorio Nacional de nutrigenómica y microbiómica digestiva animal,4,"IPN (CDMX), UNAM-FES CUATITLAN (México)",UMSNH,Activo,http://www.lanmda.org/
9,LANAFONU,Laboratorio Nacional de Investigación Forense Nuclear,4,"UNAM-NUCLEARES (CDMX), UASLP (San Luis Potosí)",ININ,Activo,http://www.inin.gob.mx/mini_sitios/segundo_plano.cfm?cve_area=LIFN&codigo_opc=170001000#
10,LANCIC,Laboratorio Nacional de Ciencias para la Investigación y la Conservación del Patrimonio Cultural  (LANCIC),4,"UACAM (Campeche), UNAM-INV. ESTETICAS (CDMX)",UNAM,Activo,http://laboratorios.fisica.unam.mx/home?id=15
11,,Laboratorio Nacional de Microarreglos para Genómica Funcional e Identificación de Organismos,1,,CIAD,No activo,
12,LNPP,Laboratorio Nacional de Políticas Públicas,2,,CIDE,Activo,http://lnpp.cide.edu/
13,LANMO,Laboratorio Nacional de Materiales Orales,3,COLSAN (San Luis Potosí),UNAM,Activo,http://www.lanmo.unam.mx/
14,LND,Laboratorio Nacional Diversidades,4,FLACSO (Ciudad de México),UNAM,Activo,http://www.lndiversidades.unam.mx/wp/
15,LANOV,Laboratorio Nacional de Optica de la Visión,4,"UNAM-CECADET (CDMX), ASOC. PARA EVITAR LA CEGUERA (CDMX) ",CIO,Activo,http://cenaprot.mx/page/index.php/es/
16,LAMPER,Laboratorio Nacional de Medicina Personalizada,3,CLUSTER MEDICO JALISCO (Jalisco),CIATEJ,Activo,https://ciatej.mx/servicios-industria/medica-farmaceutica/lamper
17,LABNALCIT,Laboratorio Nacional de Citometría de Flujo,3,UACH (Chihuahua),UNAM,Activo,http://labnalcit.org/
18,LaNReGen,Laboratorio Nacional de Recursos Genómicos,2,,UNAM,Activo,www.lanregen.unam.mx/
19,LNS-FESI,Laboratorio Nacional en Salud: Diagnóstico Molecular y Efecto Ambiental en Enfermedades Crónico-Degenerativas,2,,UNAM,Activo,http://laboratorionacionalensalud-fes-iztacala.com/
20,LANIREM,Laboratorio Nacional enfocado en imagenología por resonancia magnética,2,,UNAM,Activo,http://www.lanirem.inb.unam.mx/
21,LANSBIODyT,Laboratorio Nacional de soluciones biomiméticas para diagnóstico y terapia,2,,UNAM,Activo,https://sites.google.com/a/ciencias.unam.mx/lansbiodyt/
22,LaNCa,Laboratorio Nacional de Canalopatías,5,"UCOL (Colima), UNAM-C. DEL MAR (CDMX), UNAM-IBT (Morelos)",UNAM,Activo,http://canalopatias.ifc.unam.mx/
23,LAMMB,Laboratorio Nacional para la Producción y Análisis de Moléculas y Medicamentos Biotecnológicos,2,,UNAM,Activo,www.lammb.unam.mx
24,LANEM,Laboratorio Nacional de Estructura de Macromoléculas,2,,UAEM,Activo,http://www.lanem.mx/
25,CI3M,Laboratorio Nacional de Investigación en Imagenología e Instrumentación Médica,4,"UASLP (San Luis Potosí), AMORN, A.C. (CDMX)",UAM - I,Activo,http://ci3m.mx/inicio/
26,LANSEIDI-FarBio,"Laboratorio Nacional de Servicios Especializados de Investigación, Desarrollo e Innovación (I + D + i) para Farmoquímicos y Biotecnológicos",3,ND,IPN,Activo,http://lanseidi.com
27,BIOBANCO,Laboratorio Nacional Biobanco,4,"INSP (Morelos), INMEGEN (CDMX)",UANL,Activo,http://www.medicina.uanl.mx/biobanco/-a-laboratorio-nacional-biobanco/
28,LANIDER,Laboratorio Nacional de Investigación y Desarrollo de Radiofármacos,3,UNAM-Facultad de Medicina (Ciudad de México),ININ,Activo,http://inin.gob.mx/principal_miniportal.cfm?cve_area=PPR&codigo_opc=200001020
29,LNMS,Laboratorio Nacional de Medicina de Sistemas (Para enfermedades crónico-degenerativas),2,,ITESM-MTY,Activo,http://escuelademedicina.itesm.mx/medicina-de-sistemas.aspx 
30,LaNSE,Laboratorio Nacional de Proteómica Genómica,2,ND,CINVESTAV,Activo,https://lanse.cinvestav.mx/
31,LNETTE,Laboratorio Nacional de Máxima Seguridad Biológica para el estudio de la Tuberculosis y de Enfermedades emergentes,1,,INCMNSZ,Activo,http://www.innsz.mx/imagenes/siteLaboratoriodeMicrobiologia/
32,,Laboratorio Nacional BSL 3 para la Investigación en Virología Humana,1,,UANL,No activo,
33,LABNARMYM,Laboratorio Nacional de Referencia Molecular y Microbiológico para el Control Sanitario,2,,IPICyT,No activo,http://www.gob.mx/cofepris/acciones-y-programas/comision-de-control-analitico-y-ampliacion-de-cobertura
34,GeoInt,Laboratorio Nacional de Geointeligencia,5,"CIMAT (Guanajuato), IPICYT (San Luis Potosí), POLICIA CIENTÍFICA (CDMX)",Centro GEO,Activo,http://www.geoint.mx
35,LANGEM,Laboratorio Nacional de Geoquímica y Mineralogía,2,,UNAM,Activo,http://www.langem.org/
36,LaNaB/O,Laboratorio Nacional de Buques Oceanográficos,5,"INAH (Ciudad de México), CIBNOR (Baja California Sur), UNAM (6 Dependencias)",UNAM,Activo,https://www.icmyl.unam.mx/lnbo/
37,LANOT,Laboratorio Nacional de Observación de la Tierra,5,"INEGI (Aguascalientes), UAMEX (Estado de México), UNAM (4 dependencias)",UNAM,Activo,http://www.lanot.unam.mx/  
38,LANIFLUMAR,Laboratorio Nacional de Ingeniería Fluviomarítima,3,IPN (Ciudad de México),IMT,Activo,laniflumar.imt.mx
39,CNS,Centro Nacional de Supercómputo,3,COLSAN (San Luis Potosí),IPICyT,Activo,http://www.cns-ipicyt.mx/
40,LaNIF,Laboratorio Nacional de Internet del Futuro,3,CENIDET (Morelos),INFOTEC,Activo,http://lanif.infotec.mx/
41,LAVIS,Laboratorio de Visualización Científica Avanzada,4,"COMIMSA (Coahuila), UAQ (Querétaro)",UNAM,Activo,www.lavis.unam.mx
42,LNCC,Laboratorio Nacional de Ciencias de la Complejidad,3,,UNAM,Activo,https://lncc.c3.unam.mx/
43,LANCAD,Laboratorio Nacional de Cómputo de Alto Desempeño,3,CINVESTAV (TAMAULIPAS),UAM - I,Activo,http://www.lancad.mx/
44,LaNTI,Laboratorio Nacional de Tecnologías de la Información,2,,ITCM,Activo,http://www.lanti.org.mx/
45,LNS,Laboratorio Nacional de Supercómputo del Sureste de México,3,ND,BUAP,Activo,http://www.lns.org.mx/
46,SiT-LOG,Laboratorio Nacional en sistemas de transporte y logística,4,"UANL-FIME (Nuevo León), ITSON (Sonora)",IMT,Activo,http://lab-nacional.yologistico.com/
47,LANIIA,Laboratorio Nacional para la investigación en inocuidad alimentaria,4,"CENIT (Nayarit), UAS (Sinaloa)",CIAD,Activo,http://laniia.ciad.edu.mx/cms/
48,LANABIO,Laboratorio Nacional de Biodiversidad,2,,UNAM,Activo,www.ibiologia.unam.mx/lanabio.html
49,LANASE,Laboratorio Nacional de análisis y síntesis ecológica para la conservación de los recursos genéticos,3,UMICH (Michoacán),UNAM,Activo,http://www.lanase.unam.mx/es/
50,LANRESC,Laboratorio Nacional de resiliencia costera,6,"Centro del Cambio Global (Tabasco), UNAM-CIENCIAS (Yucatán), CINVESTAV (Yucatán), ITSON (Sonora) ",UNAM,Activo,http://www.lanresc.mx/
51,LANIES,Laboratorio Nacional de Innovación Ecotecnológica para la Sustentabilidad,2,,UNAM,Activo,www.lanies.unam.mx/
52,LNVCS,Laboratorio Nacional de vivienda y comunidades sustentables,4,"UACJ (Chihuahua), UNISON (Sonora)",UNACH,Activo,http://www.laboratoriodevivienda.org/?p=4
53,LNAGUA,"Laboratorio Nacional de Ciencia, Tecnología y Gestión Integrada del Agua",3,UCEM (San Luis Potosí),IPN,Activo,https://www.facebook.com/LNAgua-117756502198024/
54,LAN-PlanTECC,Laboratorio Nacional PLANTECC,2,,CINVESTAV,Activo,www.ira.cinvestav.mx/PlanTECC/tabid/1396/language/en-US/Default.aspx
55,LANCIS,Laboratorio Nacional de las Ciencias de la Sostenibilidad,3,UNAM-UACYT (Yucatán),UNAM,Activo,http://lancis.ecologia.unam.mx/
56,LaniVeg,Laboratorio Nacional de Identificación y Caracterización Vegetal,2,,UAQ,Activo,http://www.laniveg.com/sitio/
57,LANISAF,Laboratorio Nacional de Investigación y Servicio del Sector Agro-Alimentario y Forestal,4,"CHAPINGO (Durango), CHAPINGO (Nayarit)",CHAPINGO,Activo,https://lanisaf.chapingo.mx/
58,,Laboratorio Nacional de Biotecnología Ambiental y Agroecológica,1,,ECOSUR,No activo,
59,L-IDEA,Laboratorio de Investigación y Desarrollo de Alimentos,1,,UNIVER,No activo,
60,LNMG,Laboratorio Nacional de Materiales Grafénicos,4,"CIDETEQ (Querétaro), CIMAV (Chihuahua)",CIQA,Activo,https://www.ciqa.mx/index.php/mnu-laboratorios/140-laboratorio-nacional-de-materiales-grafeno/laboratorio-nacional-de-materiales-grafenicos
61,LANI-Auto,Laboratorio Nacional en Innovación y Desarrollo de Materiales Ligeros para la Industria Automotríz,4,"CIDETEQ (Querétaro), CIO (Guanajuato)",CIQA,Activo,http://laniauto.ciqa.mx/
62,NanoTeCH,Laboratorio Nacional de Nanotecnología,2,,CIMAV,Activo,http://ntch.cimav.edu.mx/
63,LANCyTT,Laboratorio Nacional de ciencia y tecnología de terahertz,3,CINVESTAV (Querétaro),CIO,Activo,http://www.thz.org.mx/lnctt//
64,LANMYNF,Laboratorio Nacional de Micro y Nanofluídica,5,"CIQA (Coahuila), CIMAV (Chihuahua), CIO (Guanajuato)",CIDETQ,Activo,www.labmyn.mx
65,LINAN,Laboratorio Nacional de Investigaciones en Nanociencias,2,,IPICyT,Activo,http://www.linan-ipicyt.mx/
66,LIDTRA,Laboratorio Nacional de Investigación y Desarrollo Tecnológico de Recubrimientos Avanzados (LIDTRA),2,,CINVESTAV,Activo,https://qro.cinvestav.mx/lidtra/
67,LANNBIO,Laboratorio Nacional de Nano y Biomateriales,2,,CINVESTAV,Activo,https://www.mda.cinvestav.mx/Investigación/DepartamentodeFísicaAplicada/Laboratorios/Nanoybiomateriales.aspx 
68,NANOFAB,Laboratorio Nacional de Nanofabricación,4,"USON (Sonora), U KINO (Sonora)",UNAM,Activo,https://www.cnyn.unam.mx/lannafab
69,CENAPROT,Laboratorio Nacional de Proyección Térmica,3,CIATEQ (Querétaro),CINVESTAV,Activo,http://cenaprot.mx/page/index.php/es/
70,LN-INGEA,Laboratorio Nacional de Ingeniería Espacial y Automotríz,3,UNAM-NUCLEARES (CDMX),UNAM,Activo,http://www.ingenieria.unam.mx/uat/laboratorio-nacional.html
71,MADiT,"Laboratorio Nacional de Manufactura Aditiva y digital, MADiT",6,"ITESM (Nuevo León), UANL(Nuevo León), UADY (Yucatán), UACJ (Chihuahua) ",UNAM,Activo,http://labunam.unam.mx/micrositio/LNMA3DyTC/
72,SEDEAM,"Laboratorio Nacional en Investigación, Desarrollo Tecnológico e Innovación en Sistemas Embebidos, Diseño Electrónico Avanzado y Micro-Sistemas",4,"ITS-EL DORADO (Sinaloa), CIDESI (Querétaro)",UAZ,Activo,www.sedeam.com.mx
73,LANIMFE,Laboratorio Nacional de Ingeniería de la Materia Fuera de Equilibrio,6,"UG (Guanajuato), UNISON (Sonora), COMPETE A.C. (San Luis Potosí)",UASLP,Activo,http://lanimfe.ifisica.uaslp.mx/
74,LaNCaM,Laboratorio Nacional de Caracterización de Materiales,3,ND,UNAM,Activo,www.fata.unam.mx/Laboratorio_Nacional
75,LaNaVEx,Laboratorio Nacional en Vehículos Autónomos y Exoesqueletos,3,UP-PACHUCA (Hidalgo),CINVESTAV,Activo,http://lanavex.cinvestav.mx/
76,,Laboratorio Nacional de Microscopía Electrónica de Alta Resolución para Caracterización de Nanoestructuras,0,,CINVESTAV,No activo,
77,,Laboratorio Multidisciplinario de Caracterización de Materiales y Nanoestructuras,1,,IPN,No activo,
78,,Laboratorio Nacional de Micro y Nano Tecnología,1,,IPN,No activo,
79,,Laboratorio de Robótica del área Noreste y Centro de México,1,,ITESM-MTY,No activo,
80,,Laboratorio Nacional de Investigación en Materiales Avanzados,1,,UANL,No activo,
81,LANITEF,Laboratorio Nacional de investigación en tecnologías del frío,3,UANL-FIME (Nuevo León),CIDESI,Activo,http://www.lanitef.mx/
82,CAE,Laboratorio Nacional de Conversión y Almacenamiento de Energía,2,,IPN,Activo,http://lncae.cicata.ipn.mx/
83,LaNDACBio,Laboratorio Nacional de Desarrollo y Aseguramiento de Calidad de Biocombustibles,2,,IPN,Activo,http://landacbio.ipn.mx/
84,LACYQS,Laboratorio Nacional de Sistemas de Concentración Solar y Química Solar,1,,UNAM,No activo,
85,LANERER,Laboratorio Nacional para la Evaluación de los Recursos Energéticos Renovables en México,1,,INEEL,No activo,
86,,Laboratorio Nacional de Innov. Fotovoltaica y  Caracterización de Celdas Solares,1,,UNAM,No activo,
87,LANGTM,Laboratorio Nacional de Gran Telescopio Milimétrico: Investigación avanzada de Astro física y tecnologías milimétricas,2,,INAOE,Activo, www.langtm.org
88,HAWC,Laboratorio Nacional HAWC de Rayos Gamma,2,,UNAM,Activo,http://labunam.unam.mx/micrositio/HAWC/
89,OAN-SPM,"Laboratorio Nacional de Astrofísica, San Pedro Mártir",4,"UG (Guanajuato), UDG (Jalisco)",UNAM,Activo,http://labunam.unam.mx/micrositio/oan/
90,LANCE,Laboratorio Nacional de Clima Espacial,2,,UNAM,Activo,http://www.lance.unam.mx/
